learning_rate,batch_size,mean_accuracy,std_accuracy
0.5,16,0.8854611728341061,0.04093450354131836
0.1,16,0.8826028635581606,0.04049300664778853
0.1,32,0.8826028635581606,0.04049300664778853
0.1,64,0.8826028635581606,0.04049300664778853
0.5,32,0.8826028635581606,0.04049300664778853
0.5,64,0.8825626221094683,0.04342126661850683
0.01,32,0.8770518764762489,0.033592012845402065
0.01,64,0.8742349750677981,0.03198347893350161
0.01,16,0.8683976321698307,0.041326036145462645
