experiment,parameter,accuracy,precision,recall,f1,roc_auc,final_train_loss,final_val_loss,weight_norm
synthetic_data,linear_clouds,0.9933333333333333,0.9868421052631579,1.0,0.9933774834437086,1.0,0.02989019415056519,0.021583702425482545,4.581827417018627
synthetic_data,xor,0.42,0.4189189189189189,0.41333333333333333,0.41610738255033564,0.4170666666666667,0.6914013903477751,0.7047061952362228,0.11829706246726375
synthetic_data,circles,0.4666666666666667,0.4742268041237113,0.6133333333333333,0.5348837209302325,0.3904,0.6886366505362052,0.7089526926844414,0.1873810369198976
